,user,text,favorite_count,retweet_count,created_at
0,iamsrk,So lovely to see you all on this festive day!!! Now let‚Äôs spread the love‚Ä¶ and may God‚Äôs blessings be upon all of us‚Ä¶ Eid Mubarak. https://t.co/P7eYPmgSko,150566,12670,2023-04-22 10:40:07+00:00
1,iamsrk,As competitive as this IPL may be‚Ä¶ but  when u see a friends son #ArjunTendulkar take the field it is a matter of such happiness and joy. Wish Arjun all the best and @sachin_rt what a proud moment!! Wow!,62654,6005,2023-04-17 08:17:02+00:00
2,iamsrk,Congratulations on Maybelline beta. Well dressed‚Ä¶well spoken‚Ä¶well done &amp; if I may take some credit well brought up! Love u my Lil Lady In Red!! https://t.co/tLnAQlXoTj,80197,7014,2023-04-12 11:31:57+00:00
3,iamsrk,JHOOME JO RINKUUUUU !!! My baby @rinkusingh235 And @NitishRana_27 &amp; @venkateshiyer you beauties!!! And remember Believe that‚Äôs all. Congratulations @KKRiders and @VenkyMysore take care of your heart sir! https://t.co/XBVq85FD09,194317,19459,2023-04-09 15:24:03+00:00
4,iamsrk,"Pehle Aap nahin‚Ä¶ Pehle App!
Download #KnightClub app now. 
https://t.co/N6ynmskSqr https://t.co/jYyD9KQaIg",27054,4032,2023-03-28 07:34:47+00:00
5,iamsrk,Yeh tumse zyaada talented nikla‚Ä¶.chota Pathaan https://t.co/gK0rumQC5a,78699,6882,2023-03-22 22:31:19+00:00
6,iamsrk,"Pathaan ki party ab¬†@PrimeVideoIN¬†par üî•
#PathaanOnPrime in Hindi, Tamil and Telugu. Watch now!
@deepikapadukone | @TheJohnAbraham |¬† #SiddharthAnand | @yrf https://t.co/9opW30fBsG",49021,6547,2023-03-22 04:33:11+00:00
7,iamsrk,"What a tremendous effort by the whole team of Mrs Chatterjee vs Norway. My Rani shines in the central role as only a Queen can. Director Ashima, shows a human struggle with such sensitivity. Jim, @AnirbanSpeaketh, #Namit, #SaumyaMukherjee, #BalajiGauri all shine. A must watch. https://t.co/xKrphoY6SG",51734,5807,2023-03-16 15:26:30+00:00
8,iamsrk,"Big hug to @guneetm &amp; @EarthSpectrum for Elephant Whisperers. And @mmkeeravaani #ChandraBose ji @ssrajamouli @AlwaysRamCharan @tarak9999 thank u for showing us all, the way to do it. Both Oscars truly inspirational!!",72033,10122,2023-03-13 09:07:28+00:00
9,iamsrk,‚ÄúITS NOT THE BUSINESS‚Ä¶.ITS STRICTLY PERSONAL‚Äù. Making ppl smile &amp; entertaining them is our business &amp; if we don‚Äôt take it personally‚Ä¶.it will never fly. Thanks to all who gave Pathaan love &amp; all who worked on the film &amp; proved ki mehnat lagan aur bharosa abhi Zinda Hai.Jai Hind,69542,9259,2023-03-08 11:59:10+00:00
10,iamsrk,"At that stage‚Ä¶in that age‚Ä¶..raw‚Ä¶.uncontrolled‚Ä¶craft still undefined‚Ä¶.surrounded by the best cast &amp; crew in India and a director who I miss every day! Taught me that sometimes u lose the moment‚Ä¶.but win everything else‚Ä¶I am sure somewhere, some world Sunil did too ! https://t.co/lpNlmrhjZN",93020,9392,2023-02-26 10:29:58+00:00
11,iamsrk,Hu·πÅ pa·πáa tanƒì prƒìma karu·πÅ chu·πÅ Baa. https://t.co/nZLzYhafFl,36712,4370,2023-02-22 09:10:34+00:00
12,iamsrk,How lucky to have teachers and professors who can teach us and have fun with us also.  Educational Rockstars all of them!! https://t.co/o94F1cVcTV,75618,8923,2023-02-21 07:48:02+00:00
13,iamsrk,Bye everyone. Thanks for your time. May God bless you all. Have to start working out now‚Ä¶.body bula rahi hai‚Ä¶hate it now when I don‚Äôt have the six pack! See you guys in the theatres. #Pathaan,23681,2444,2023-02-20 09:09:57+00:00
14,iamsrk,Thanks for reminding I should go now. Have a good life https://t.co/LW3atT880q,8963,1192,2023-02-20 09:07:29+00:00
15,iamsrk,I miss him he was a dear friend‚Ä¶ https://t.co/ZKquVHcyLK,20941,2133,2023-02-20 09:05:31+00:00
16,iamsrk,Wow thank u all https://t.co/5om0Uomu9C,7573,1148,2023-02-20 09:04:43+00:00
17,iamsrk,Right now any number above 1000 ha ha ha #Pathaan https://t.co/aBGwPJapEn,13152,1833,2023-02-20 08:59:51+00:00
18,iamsrk,Love you right back my man https://t.co/nE1OM6QrHj,9872,1294,2023-02-20 08:58:41+00:00
19,iamsrk,That‚Äôs very kind of you all. #Pathaan has made many people happy and that makes me the happiest. https://t.co/k73zMZoAcC,9668,1485,2023-02-20 08:58:03+00:00
20,iamsrk,Could you please choose a better question??!! https://t.co/vxBGYtzNVp,9643,1230,2023-02-20 08:57:14+00:00
21,iamsrk,Next is Jawan and then Dunki. Post that I haven‚Äôt really started listening to scripts yet. Want to sit back and enjoy the release of these two films and then decide. https://t.co/oOqNgMD2Xz,13547,1793,2023-02-20 08:56:47+00:00
22,iamsrk,I have been told #Pathaan will release there soon https://t.co/N7g75ewdl4,11013,1174,2023-02-20 08:53:51+00:00
23,iamsrk,"Please mat karo yaar. Theek hai main hi maan jaata hoon I am 30 years old. There I have now told you the truth..and that‚Äôs why, even my next film is called Jawan https://t.co/rIH1lnsAWm",33636,2893,2023-02-20 08:51:15+00:00
24,iamsrk,Not yet but after I finish final shoot of Jawan and Dunki I will get back to it. https://t.co/Ijs0SF3gwo,8370,1210,2023-02-20 08:47:52+00:00
25,iamsrk,Gauri has the most simple heart and mind. She has just kept us all believing in the goodness of family and love https://t.co/nZV3CbGPxU,10191,1518,2023-02-20 08:47:11+00:00
26,iamsrk,Exaggerate‚Ä¶is this ok?? https://t.co/En8Rmf99FU,7167,1114,2023-02-20 08:45:38+00:00
27,iamsrk,Not just about #Pathaan 2 but every work of mine I will announce and say it to you guys personally. Please wait for me to tell you the truth not listen to stupid gossip! https://t.co/Ib4ng59IO5,8545,1437,2023-02-20 08:43:35+00:00
28,iamsrk,Yes I spend a lot of time doing nothing‚Ä¶it clears the mind for things that I need to do later. ‚Äò Jo kuch nah karte woh kamaal karte hain‚Äô https://t.co/iwl4GrZbBq,8787,1460,2023-02-20 08:42:09+00:00
29,iamsrk,Live long I guess so that I can trouble my kids for years‚Ä¶. https://t.co/puz31ik8hF,5694,934,2023-02-20 08:41:06+00:00
30,iamsrk,Study as hard as you can. Do not get anxious. I used to carry a placard in the school march past‚Ä¶‚Äòdo your best and leave the rest‚Äô just don‚Äôt stress. All the best https://t.co/qgLkvHUP85,10124,1576,2023-02-20 08:40:10+00:00
31,iamsrk,There‚Äôs a new restaurant called Karma. There‚Äôs no menu. You get what you deserve. https://t.co/p4t3wmOI1h,25721,3869,2023-02-20 08:37:02+00:00
32,iamsrk,I just sat at home and watched all films that I could to become an audience again and not be a movie maker. https://t.co/sYvmviqyHb,7134,1212,2023-02-20 08:34:54+00:00
33,iamsrk,Actually I don‚Äôt remember mine‚Ä¶but my two kids aryan and suhana always thought everyone in the world worked on tv because they saw all our friends on it. https://t.co/3y3hBjsNwD,7247,1138,2023-02-20 08:33:54+00:00
34,iamsrk,I loved my time there all of you are very sweet and hospitable https://t.co/3pvhp7JzjI,6239,1044,2023-02-20 08:32:08+00:00
35,iamsrk,Kaat le bhai maine bhi kaat liye hain‚Ä¶ https://t.co/yVaMlRmcRN,6831,1047,2023-02-20 08:31:35+00:00
36,iamsrk,I respect them because I believe each one them completes me in my films‚Ä¶. https://t.co/EOcJctrjPr,12242,1515,2023-02-20 08:28:31+00:00
37,iamsrk,It ends too fast!! #Pathaan https://t.co/gjYQQr5TJk,7383,1162,2023-02-20 08:25:22+00:00
38,iamsrk,I get awkward seeing myself in screen‚Ä¶. https://t.co/PueFVTdfuv,6097,1067,2023-02-20 08:24:07+00:00
39,iamsrk,Mr Bachchan in Amar Akbar Anthony‚Ä¶.‚ÄòMaine doh maara bhai par solid maara na‚Ä¶‚Äô https://t.co/tsCfiDBV5s,7325,1207,2023-02-20 08:23:22+00:00
40,iamsrk,Papa ka dil rakh lo bhai‚Ä¶ https://t.co/MM2WUNbybE,7228,942,2023-02-20 08:21:52+00:00
41,iamsrk,I have heard from someone that losing your head in a crisis is a good way to become the crisis!! So I try to keep the head screwed on‚Ä¶. https://t.co/N7RzxAmzgw,6009,1121,2023-02-20 08:21:13+00:00
42,iamsrk,All people are actually united..a good film just gives them a reason to show the unity in happiness‚Ä¶ https://t.co/hL4JbpUdo0,7052,1274,2023-02-20 08:18:16+00:00
43,iamsrk,I will never retire from acting‚Ä¶I will have to be fired‚Ä¶and maybe even then I will come back hotter!! https://t.co/YHSQZ3ndub,10630,1780,2023-02-20 08:17:09+00:00
44,iamsrk,Actually I don‚Äôt have any cool cars‚Ä¶.except Hyundai of course. All social media articles about luxury cars i allegedly have are bogus. https://t.co/yimFQ1kdUx,11226,1316,2023-02-20 08:16:10+00:00
45,iamsrk,Right now cleaning my son‚Äôs toys‚Ä¶.and can‚Äôt find a crucial Lego piece‚Ä¶so King Ving I am not feeling like. https://t.co/leac24js8m,11059,1405,2023-02-20 08:14:13+00:00
46,iamsrk,Next time for sure https://t.co/24V52F32R1,6432,1047,2023-02-20 08:11:35+00:00
47,iamsrk,The body shots‚Ä¶.I was very shy and very cold!! https://t.co/wlWYdsYvMK,6516,1144,2023-02-20 08:10:58+00:00
48,iamsrk,I think life is short‚Ä¶smile while you still have teeth. https://t.co/ux4ZjmkStC,7892,1397,2023-02-20 08:10:10+00:00
49,iamsrk,Your arm looks like my cheque book!!! https://t.co/u0MmmO268h,8561,1222,2023-02-20 08:09:10+00:00
50,iamsrk,The right Dimple is feeling left out‚Ä¶.the left is feeling all right. https://t.co/q1WphVjfQo,6689,1170,2023-02-20 08:08:16+00:00
51,iamsrk,I have lots of pets I just don‚Äôt put their pics on social media‚Ä¶don‚Äôt want them to become more famous than me‚Ä¶. https://t.co/JhdwLJKEXk,14855,1678,2023-02-20 08:06:58+00:00
52,iamsrk,Now I like to play what I think people would like me to play‚Ä¶I have evolved as an actor I think. My personal likes are diminishing. https://t.co/7cT5BqwAbO,6840,1227,2023-02-20 08:06:05+00:00
53,iamsrk,I explain the same thing too many times..I explain the same thing too many times‚Ä¶I explain the same thing too many times!!! https://t.co/x3ZSnEYMIj,11384,1483,2023-02-20 08:03:15+00:00
54,iamsrk,"So far So good‚Ä¶.#Pathaan  For years we are doing #AskSRK let‚Äôs do one today where the questions are sweeter, irrelevant &amp; fun maybe even what u #DontAskSRK for 15mins. No bad language no personal meanness. Let‚Äôs go!! Happy hours ( 15 mins )",62771,4362,2023-02-20 08:00:23+00:00
55,iamsrk,"RT @yrf: Due to the tremendous love received on #PathaanDay, here's something special for you. #Pathaan tickets are now available at ‚Çπ 200/‚Ä¶",0,1757,2023-02-18 08:12:49+00:00
56,iamsrk,Oh oh ab toh phir dekhni padhegi. What a good thing to do. Thank u @yrf  Can u arrange some free popcorn also! No?? https://t.co/IcRdfIW9gQ,22600,3360,2023-02-16 07:03:03+00:00
57,iamsrk,Now need to go. Lil one back from school and has many stories to tell me about his day at work! Love you and Happy Valentine‚Äôs Day. Thank u for #Pathaan,24275,2459,2023-02-14 08:05:05+00:00
58,iamsrk,I just hope to entertain you all. https://t.co/4McnZeQsTe,8071,1249,2023-02-14 08:03:43+00:00
59,iamsrk,They are doing it better than me!! Will have to learn it from Virat And Jadeja!!! https://t.co/q1aCmZByDu,48535,4151,2023-02-14 07:58:01+00:00
60,iamsrk,On Valentine Day it should be #Pathaan day.. https://t.co/sBXWmXnTPK,9225,1415,2023-02-14 07:55:49+00:00
61,iamsrk,Sharon may not know but I am her biggest fan. She is the most gorgeous and intelligent woman!!! https://t.co/QZV1Tdfy2d,16563,1898,2023-02-14 07:53:58+00:00
62,iamsrk,Raju Sir is a dream come true to work with. Learnt so much from him and his film making. I am truly fortunate and he is too much fun. https://t.co/tSKYgupt8t,9330,1464,2023-02-14 07:53:02+00:00
63,iamsrk,The only Legend https://t.co/ZDNJnNiBUh,12723,1412,2023-02-14 07:51:20+00:00
64,iamsrk,"Oh my God such big big words and questions but to humour you‚Ä¶here‚Ä¶‚Äùexamine the position of the masses, their objective conditions of life, the different classes among them, the real nature of the liberty for which they are in fact striving‚Ä¶‚Äù happy??? https://t.co/RGYFrNzpIx",9275,1562,2023-02-14 07:50:42+00:00
65,iamsrk,Main waisee bhi Fan2 nahin banunga!!! Karle jo karna hai‚Ä¶.ha ha https://t.co/ZdGSXeStYb,17548,1826,2023-02-14 07:42:20+00:00
66,iamsrk,Waiting to see Hrithik in Fighter‚Ä¶.!!! https://t.co/HWJ5fLagCx,9756,1528,2023-02-14 07:40:28+00:00
67,iamsrk,Never‚Ä¶I feel God has been too kind to me. https://t.co/88TrklHxsZ,7330,1069,2023-02-14 07:39:25+00:00
68,iamsrk,Ha ha Toofan peeta hoon na..!!! https://t.co/tpzsR8Ew3V,7706,1308,2023-02-14 07:36:26+00:00
69,iamsrk,Give your mom my love and enjoy #Pathaan again https://t.co/LhgqmbyxhL,7502,1208,2023-02-14 07:35:34+00:00
70,iamsrk,Wish Ayushman the best for all his work and life. Dreamgirl looks very interesting. https://t.co/c999GwNSMF,10269,1715,2023-02-14 07:32:05+00:00
71,iamsrk,Deepika is love and too warm and beautiful. https://t.co/j3bCJgp5Sw,15341,1635,2023-02-14 07:29:16+00:00
72,iamsrk,Ha ha no he is the stylist!!!!! Ha ha https://t.co/4jU3Q9BW79,11706,1401,2023-02-14 07:27:41+00:00
73,iamsrk,You have already given it to me‚Ä¶so much love for #Pathaan https://t.co/dSRxMnLhF3,8994,1458,2023-02-14 07:26:47+00:00
74,iamsrk,Check and see na it‚Äôs my handwriting‚Ä¶..you can‚Äôt tell or what??!! https://t.co/aiUKZKKsrw,8424,1315,2023-02-14 07:25:25+00:00
75,iamsrk,Always the way the character will walk‚Ä¶. https://t.co/4EyzOMlX3G,7175,1231,2023-02-14 07:21:32+00:00
76,iamsrk,And rightly so‚Ä¶Aamir is awesome! https://t.co/Sp4lr2OrZH,9474,1344,2023-02-14 07:19:57+00:00
77,iamsrk,Nahi nahi kholna padhega‚Ä¶Dil. Dil khol ke dekhna https://t.co/iAheBTjqTL,8981,1482,2023-02-14 07:19:15+00:00
78,iamsrk,Will have to go back to Paris na for unfinished business‚Ä¶.#Pathaan https://t.co/c3uQHoo78t,7122,1270,2023-02-14 07:17:09+00:00
79,iamsrk,As my baby Tiger Shroff famously said ‚Äú doosron ke aate nahi mere jaate nahin‚Äù ha ha https://t.co/s1IhmYF95O,11552,1793,2023-02-14 07:15:55+00:00
80,iamsrk,If I remember correctly it‚Äôs been what 34 years now‚Ä¶.a pair of pink plastic earrings I think‚Ä¶ https://t.co/pRY2jxl41B,12034,1598,2023-02-14 07:14:59+00:00
81,iamsrk,Fountainhead is good a difficult long read though‚Ä¶. https://t.co/o1VcOsDbVk,7336,1288,2023-02-14 07:13:56+00:00
82,iamsrk,Nahi ab khud hi pet bhara bhara sa lagta hai. https://t.co/43NkMYLzbp,6856,1197,2023-02-14 07:13:01+00:00
83,iamsrk,Zinda Hoon‚Ä¶!!! #Pathaan https://t.co/xUe4TRm0FV,9368,1477,2023-02-14 07:12:18+00:00
84,iamsrk,Bahut din ho gaye‚Ä¶.hum kahan se kahan aa gaye‚Ä¶.I think it‚Äôs only fair to do a bit of #AskSRK to update ourselves. Let‚Äôs keep the questions fun please‚Ä¶.let‚Äôs start!,60228,4506,2023-02-14 07:11:13+00:00
85,iamsrk,"Hum bas soft drink pine waalo mein se nahin hai. Hume chahiye toofan, aur toofan matlab #ThumsUp ‚ö°Ô∏èüí™
@ThumsUpOfficial 
¬†
#SoftDrinkNahinToofan https://t.co/YW1t5Yvmh2",32076,5102,2023-02-13 09:51:09+00:00
86,iamsrk,Arre yaar itni mushkil se action hero bana‚Ä¶.and you guys are bringing back Raj‚Ä¶uff!! This competition is killing me!!!! I am going to see #Pathaan ‚Ä¶Raj toh ghar ka hai. https://t.co/ImGLi1nC2m,50562,5901,2023-02-11 09:25:03+00:00
87,iamsrk,The Sun is alone‚Ä¶.it Burns‚Ä¶.and comes out of the darkness to Shine again.  Thank u all for letting the Sun shine on #Pathaan. https://t.co/BQbHE05JqE,194014,16023,2023-02-08 11:29:21+00:00
88,iamsrk,Wow‚Ä¶ love the T-shirts and hoodies‚Ä¶ thank u London https://t.co/0K4eOlyPqB,11654,1419,2023-02-06 12:25:49+00:00
89,iamsrk,Sending love to all of u!! Thank u for making it special in New York https://t.co/8eIvCH5pte,8741,1170,2023-02-06 12:24:33+00:00
90,iamsrk,Thank u Austria! Love u‚Ä¶ https://t.co/1wya4nmOxP,9502,1170,2023-02-06 12:21:53+00:00
91,iamsrk,So much love!! Thank u all‚Ä¶ https://t.co/8wZB2l58Yd,8030,1175,2023-02-06 11:39:30+00:00
92,iamsrk,Thank you Peru‚Ä¶ lots of love https://t.co/p4WeNxZgeW,6842,1006,2023-02-06 11:37:10+00:00
93,iamsrk,Thank u‚Ä¶ glad to see u have a good time with #Pathaan https://t.co/6LEQiG7oYU,6814,1017,2023-02-06 11:36:33+00:00
94,iamsrk,Thank u so much‚Ä¶ lots of love to each member https://t.co/TaGy0z2gGr,6490,977,2023-02-06 11:32:35+00:00
95,iamsrk,Thank u Bangalore! So happy to see you all happy https://t.co/xG0zIQK5se,9506,1227,2023-02-06 11:29:12+00:00
96,iamsrk,Oh yes Germany‚Ä¶.thank u for  dancing in the cold!! https://t.co/iq1CdeaAtB,10269,1267,2023-02-06 11:05:25+00:00
97,iamsrk,Berhampur thank u https://t.co/11vnEGPPH9,8325,1151,2023-02-06 09:49:12+00:00
98,iamsrk,Thank u Warangal as always https://t.co/jyEPq5Hj8V,6961,1185,2023-02-06 09:48:57+00:00
99,iamsrk,Thank u Gulbarga have a good life love u https://t.co/ZnEIxFpMrY,6373,1070,2023-02-06 09:48:41+00:00
100,iamsrk,Thank u Chennai this is really huge!!! https://t.co/8aM3HsfrQg,8850,1168,2023-02-06 09:47:55+00:00
101,iamsrk,Thanks everyone at Beed love u https://t.co/9uQvbnAWBg,5728,966,2023-02-06 09:47:09+00:00
102,iamsrk,Thank u Amravati love u all https://t.co/MeXTJh0UMM,5241,931,2023-02-06 09:45:08+00:00
103,iamsrk,Thank u Kanpur love u all https://t.co/7LXvtOiBHX,5042,876,2023-02-06 09:44:02+00:00
104,iamsrk,Sorry couldn‚Äôt meet you guys live u https://t.co/TaGy0z2gGr,5598,947,2023-02-06 09:42:51+00:00
105,iamsrk,Thank u as always Malegaon https://t.co/iC7b2faPgE,4844,906,2023-02-06 09:41:41+00:00
106,iamsrk,Yay Bhopal thank u https://t.co/2wLs4Js5ki,5166,885,2023-02-06 09:40:59+00:00
107,iamsrk,Thank u Krishnagar https://t.co/dhsxvCko46,4673,880,2023-02-06 09:40:38+00:00
108,iamsrk,Have fun but be safe please that‚Äôs important thank u https://t.co/e2u2rdKiGl,4659,873,2023-02-06 09:39:50+00:00
109,iamsrk,Thank u Nanded love u https://t.co/bX01CSSd7g,5286,955,2023-02-06 09:37:52+00:00
110,iamsrk,Thank so much‚Ä¶.again and again https://t.co/9MuDeez6BJ,4288,816,2023-02-06 09:37:17+00:00
111,iamsrk,Pune thank u for the love https://t.co/NdJthXqRd6,4297,810,2023-02-06 09:36:53+00:00
112,iamsrk,Thank u Birbhum https://t.co/XMmszV7e2j,3808,759,2023-02-06 09:36:36+00:00
113,iamsrk,Thank u for the love Mumbai https://t.co/vHrtKw9XvD,5020,854,2023-02-06 09:36:14+00:00
114,iamsrk,Thank u Bhubhaneshwar https://t.co/53NvJ0dxi0,4569,837,2023-02-06 09:35:42+00:00
115,iamsrk,Thank u Kolhapur love u https://t.co/WwoYeKmx7V,4351,812,2023-02-06 09:34:52+00:00
116,iamsrk,Maybe we could have a wedding also here..thank u https://t.co/W9GM32eo6U,4709,860,2023-02-06 09:34:32+00:00
117,iamsrk,Ahmedabad thank u so much https://t.co/uX2KZlMEl8,4882,836,2023-02-06 09:33:57+00:00
118,iamsrk,Awesome thank u so much https://t.co/MBOlvB5FDo,4432,784,2023-02-06 09:33:24+00:00
119,iamsrk,Thanks many time over Kolkata https://t.co/n2vBJnS8b4,5088,878,2023-02-06 09:32:49+00:00
120,iamsrk,Thank u so much u are all very kind https://t.co/rJAbxmcCI9,4362,815,2023-02-06 09:29:56+00:00
121,iamsrk,Wah kya baat hai https://t.co/geCcbQnchw,15817,1486,2023-02-06 09:29:20+00:00
122,iamsrk,You are the best always thank u https://t.co/2S7vu0q9NB,4045,786,2023-02-06 09:28:40+00:00
123,iamsrk,Love you Bihar https://t.co/ipDPEFHb1x,6665,964,2023-02-06 09:28:23+00:00
124,iamsrk,Thank u all of u https://t.co/aZau8Vhsmk,3741,713,2023-02-06 09:28:10+00:00
125,iamsrk,So organised thank u!!! https://t.co/9gUhzlph4R,3981,746,2023-02-06 09:27:51+00:00
126,iamsrk,I hope u enjoyed it the third time thank u https://t.co/x8DvAWtamT,3698,725,2023-02-06 09:27:38+00:00
127,iamsrk,Thank u Lucknow https://t.co/XHbqx6cRO3,4235,775,2023-02-06 09:27:19+00:00
128,iamsrk,Go today Meerut thank u https://t.co/beAn9bkShb,3994,779,2023-02-06 09:27:00+00:00
129,iamsrk,Thank u Indore https://t.co/GgojWio4s7,4209,764,2023-02-06 09:26:39+00:00
130,iamsrk,Love u Peru https://t.co/xHIF6VJMDM,3740,719,2023-02-06 09:26:19+00:00
131,iamsrk,Thank u New Zealand https://t.co/Uw8DspsTvV,4106,743,2023-02-06 09:26:02+00:00
132,iamsrk,Delhi always‚Ä¶thank u https://t.co/I4JZ1XQ0EO,4694,820,2023-02-06 09:25:28+00:00
133,iamsrk,Thank u again https://t.co/18NgFg69Yn,3727,746,2023-02-06 09:25:12+00:00
134,iamsrk,Well danced everyone thank u https://t.co/TIwc2DNk82,3657,731,2023-02-06 09:24:57+00:00
135,iamsrk,Ha ha nice‚Ä¶.!! https://t.co/0roEisIz60,6001,850,2023-02-06 09:24:30+00:00
136,iamsrk,Thank u Egypt https://t.co/OiDYpMsPRS,4329,790,2023-02-06 09:24:02+00:00
137,iamsrk,Love u all thank u https://t.co/l1z9HU59Al,3659,703,2023-02-06 09:23:26+00:00
138,iamsrk,Thank u all for the kindness https://t.co/BMJ5c6by6K,3551,720,2023-02-06 09:23:09+00:00
139,iamsrk,Bighaadte raho thank u https://t.co/Ew5VPxwvtV,3643,728,2023-02-06 09:22:49+00:00
140,iamsrk,Oh wow that‚Äôs r really sweet love to u all https://t.co/veUEpff2Xe,3906,767,2023-02-06 09:22:16+00:00
141,iamsrk,Thank u so much https://t.co/HQ6P5aO0Dv,3411,679,2023-02-06 09:21:55+00:00
142,iamsrk,You all are too sweet https://t.co/gdO1RIEBPn,3965,761,2023-02-06 09:21:25+00:00
143,iamsrk,Go again and dance thank u https://t.co/jh6fMiwkvH,5108,829,2023-02-06 09:21:07+00:00
144,iamsrk,This is very kind of you all love u https://t.co/ed0VXOQQcG,5855,1020,2023-02-06 09:10:25+00:00
145,iamsrk,Thank u so much big hug to u all https://t.co/I64FmTH0i3,4498,857,2023-02-06 09:09:59+00:00
146,iamsrk,Thank u and have a good life https://t.co/yBXLthPSzN,3680,798,2023-02-06 09:09:19+00:00
147,iamsrk,Thank u too https://t.co/BTMgrIH2ZE,5727,887,2023-02-06 09:08:33+00:00
148,iamsrk,Yes it‚Äôs very sweet thank u https://t.co/kdirufZGXT,4053,808,2023-02-06 09:08:04+00:00
149,iamsrk,Thank u boys and girls love to u https://t.co/p8zAqpaQeZ,3746,795,2023-02-06 09:07:42+00:00
150,iamsrk,Very happy to see u all https://t.co/qGl69DnpJ6,4748,874,2023-02-06 09:07:29+00:00
151,iamsrk,Yaar yeh toh kaafi zyaada ho gaya thank u https://t.co/ortgMyh7Hf,21401,1875,2023-02-06 09:07:09+00:00
152,iamsrk,Love to u all https://t.co/k3EwckZlaX,4149,758,2023-02-06 09:06:46+00:00
153,iamsrk,Thank u https://t.co/4uetWdHyiM,3204,698,2023-02-06 09:06:33+00:00
154,iamsrk,Keep watching thank u https://t.co/JMnsJPCRJH,3764,761,2023-02-06 09:06:15+00:00
155,iamsrk,Oh wow!! https://t.co/CPANVwyd4q,11406,1215,2023-02-06 09:05:57+00:00
156,iamsrk,Thank u so much https://t.co/lLoX5lK3qn,3299,695,2023-02-06 09:05:04+00:00
157,iamsrk,All looking sharp thank u https://t.co/7ZXoqUyEi4,4073,757,2023-02-06 09:04:54+00:00
158,iamsrk,Thank u so much https://t.co/SoA3xZKQrD,3194,699,2023-02-06 09:04:35+00:00
159,iamsrk,Keep the party on thank I https://t.co/cXzXCiGHHX,3630,769,2023-02-06 09:04:13+00:00
160,iamsrk,Love u all thanks https://t.co/W7W1SvuABj,3526,771,2023-02-06 09:03:51+00:00
161,iamsrk,Thank u for watching it again https://t.co/vQ33v16Dxy,3496,780,2023-02-06 09:03:39+00:00
162,iamsrk,Guys and girls thank u https://t.co/Za2MgF56Yo,3341,732,2023-02-06 09:03:21+00:00
163,iamsrk,Have a good party thank u https://t.co/j3g683VNMP,3340,716,2023-02-06 09:03:02+00:00
164,iamsrk,Nice thank u https://t.co/rVY9q4972V,3663,725,2023-02-06 09:02:44+00:00
165,iamsrk,Uff this is unbelievable!! Thank u https://t.co/nCXaQfLZ5G,8284,948,2023-02-06 09:02:16+00:00
166,iamsrk,Love u all https://t.co/jhlHdk33US,3469,745,2023-02-06 09:01:44+00:00
167,iamsrk,Thank u boys and girls https://t.co/24BVwc2aef,3117,696,2023-02-06 09:01:32+00:00
168,iamsrk,Have fun but keep it safe thank u https://t.co/F3WLBlmW7Y,4801,900,2023-02-06 08:56:00+00:00
169,iamsrk,Well done thank u https://t.co/Siqqhner0Y,4124,831,2023-02-06 08:55:23+00:00
170,iamsrk,Thank u boys and girls https://t.co/1gI24tMrlp,3737,786,2023-02-06 08:55:05+00:00
171,iamsrk,Thank u all https://t.co/fFijJrdMgh,3810,833,2023-02-06 08:54:15+00:00
172,iamsrk,Thank u https://t.co/IquQnv2KXI,3460,770,2023-02-06 08:53:57+00:00
173,iamsrk,That is very sweet and sexy thank u https://t.co/3tvj55G499,4122,855,2023-02-06 08:53:33+00:00
174,iamsrk,Thank u so much https://t.co/32V9SplxA0,3735,823,2023-02-06 08:53:04+00:00
175,iamsrk,Thank u boys and girls and the kids https://t.co/6axzLKLj1S,3976,866,2023-02-06 08:52:44+00:00
176,iamsrk,This is too sweet thank u https://t.co/Q1MsseMvOC,4633,894,2023-02-06 08:52:23+00:00
177,iamsrk,So happy to see happy people https://t.co/8mSg9dX5q7,4157,910,2023-02-06 08:51:28+00:00
178,iamsrk,Thank u all hope u enjoyed it https://t.co/O5lN9QY7n1,5755,990,2023-02-06 08:48:30+00:00
179,iamsrk,Thank u https://t.co/rZpZdiuNIy,8952,1237,2023-02-06 08:47:28+00:00
180,iamsrk,Thank u all the girls!! https://t.co/udA88HGjVY,4319,941,2023-02-06 08:47:02+00:00
181,iamsrk,Thank u boys and girls https://t.co/oTHCbikOFC,3560,803,2023-02-06 08:46:37+00:00
182,iamsrk,Thank u boys and girls https://t.co/YQqcH6AQ7H,3663,843,2023-02-06 08:45:52+00:00
183,iamsrk,Thank u boys and girls https://t.co/F3WLBlmW7Y,4187,906,2023-02-06 08:45:05+00:00
184,iamsrk,Thank u boys and girls https://t.co/bK7hUCLVJj,25442,1586,2023-02-06 08:42:48+00:00
185,iamsrk,Thank u boys and girls https://t.co/J1yDGVYQrq,9970,1292,2023-02-06 08:39:45+00:00
186,iamsrk,Thank u boys and girls https://t.co/TeoDPq3Hlk,10436,1663,2023-02-06 08:33:01+00:00
187,iamsrk,Col Luthraji ko bataya aapne ki aap meri pehli heroine hain!! Or should we keep it a Top Secret otherwise he may fire me from the agency!!! https://t.co/GsCj5h0vC2,80969,6359,2023-02-05 12:12:39+00:00
188,iamsrk,Oh oh!! Have to work harder now. Back to the drawing board. Can‚Äôt let the younger audience be disappointed. Desh ke youth ka sawaal hai. PS: Try DDLJ on her please‚Ä¶.maybe she is the romantic types‚Ä¶.kids u never know! https://t.co/UBpSnLOZrf,48661,4870,2023-02-05 07:30:50+00:00
189,iamsrk,Please mera vote bhi daal dena‚Ä¶.I am over 18!! I know it‚Äôs hard to believe but it‚Äôs true. Best of luck to my Darlings!!! https://t.co/T17DAM11wW,16502,2244,2023-02-04 09:22:49+00:00
190,iamsrk,Now I should end #AskSRK otherwise all will feel I am workless!! Gotta look busy everyone. Thank u for your time and have a good weekend. I am going to watch  #Pathaan oops I mean I am going for hard work. Love u all,42454,3435,2023-02-04 07:27:01+00:00
191,iamsrk,Controlled Dine‚Ä¶Never Whine‚Ä¶Cherish Mine‚Ä¶&amp; In darkness try to Shine. Now run out of Rhyme!! https://t.co/1budwRxjPp,20051,2286,2023-02-04 07:22:20+00:00
192,iamsrk,Thank you boys and girls love to u https://t.co/xIsltLJRcp,9903,1494,2023-02-04 07:17:05+00:00
193,iamsrk,The people were so kind there and hospitable. https://t.co/WTpbhMEQFA,8626,1357,2023-02-04 07:16:23+00:00
194,iamsrk,I am a person‚Äôs person. Politically correct enough? Or Cats r from Venus Dogs r from Mars‚Ä¶or I love all animals they are awwww cho chhweet!! Choose whichever maintains peace please. https://t.co/eYZYqqX9mS,7929,1316,2023-02-04 07:15:48+00:00
195,iamsrk,Very nice thank u https://t.co/1ZCltBKGfC,8217,1131,2023-02-04 07:10:36+00:00
196,iamsrk,"Had a bad cold couldn‚Äôt sleep, should I end and go back to sleep and maybe come later on when u are fully awake?? https://t.co/VMyCVNrNUh",8004,1247,2023-02-04 07:10:00+00:00
197,iamsrk,Thank u and love to u all https://t.co/BzWPXJoBwW,9737,1372,2023-02-04 07:08:00+00:00
198,iamsrk,Thank u so much https://t.co/4bE7kzulWY,8089,1174,2023-02-04 07:07:36+00:00
199,iamsrk,Bhai ki picture hai‚Ä¶dekhna toh laazmi hai!! https://t.co/YUXr0E85MC,13210,1953,2023-02-04 07:07:05+00:00
